commented_id,score,commenter_id,commented_aid,commenter_aid,date
27804,1,3833,577470,1337,2007-04-10
347230,1,15224,480060,5818,2007-05-13
72170,1,15224,480060,5818,2007-05-13
138952,1,15224,480060,5818,2007-05-13
362799,1,15224,480060,5818,2007-05-13
394021,1,27804,578543,11601,2007-06-20
272954,1,27804,578543,11601,2007-06-20
15786,1,38551,6084,17303,2007-07-27
5483,1,2968,7796,19400,2007-08-11
5483,1,2969,7796,19400,2007-08-11
5483,1,2970,7796,19400,2007-08-11
19863,1,2968,7796,19400,2007-08-11
19863,1,2969,7796,19400,2007-08-11
19863,1,2970,7796,19400,2007-08-11
50395,1,31852,485417,23160,2007-09-06
50395,1,3635,485417,23160,2007-09-06
48320,1,40780,22991,23546,2007-09-10
9422,1,49802,19260,23896,2007-09-11
35101,1,19274,15378,31036,2007-10-22
35102,1,19274,15378,31036,2007-10-22
80777,1,9422,627188,33560,2007-11-05
3225,1,9422,627188,33560,2007-11-05
34894,1,64256,491484,34691,2007-11-12
34894,1,64260,491484,34691,2007-11-12
34898,1,64256,491484,34691,2007-11-12
34898,1,64260,491484,34691,2007-11-12
11338,1,68083,66628,36440,2007-11-22
11339,1,68083,66628,36440,2007-11-22
17024,1,78606,745098,44834,2008-01-16
17024,1,78607,745098,44834,2008-01-16
8958,1,52062,759825,46948,2008-01-30
8958,1,52063,759825,46948,2008-01-30
8958,1,34153,759825,46948,2008-01-30
60133,1,5733,31162,53742,2008-03-13
20559,1,28269,54813,55757,2008-03-27
20560,1,28269,54813,55757,2008-03-27
20562,1,28269,54813,55757,2008-03-27
20564,1,28269,54813,55757,2008-03-27
35638,1,28269,54813,55757,2008-03-27
1684,1,28269,54813,55757,2008-03-27
20567,1,28269,54813,55757,2008-03-27
76964,2,2968,43611,56008,2008-03-29
76964,2,2969,43611,56008,2008-03-29
76964,2,2970,43611,56008,2008-03-29
44031,1,95803,761525,59767,2008-04-22
44032,1,95803,761525,59767,2008-04-22
44032,1,95804,761525,59767,2008-04-22
44032,1,36659,761525,59767,2008-04-22
44032,1,95805,761525,59767,2008-04-22
10107,1,6323,42415,60451,2008-04-25
11178,1,22745,477600,61497,2008-05-02
2370,1,38761,62672,63756,2008-05-16
2370,1,38762,62672,63756,2008-05-16
2370,1,37887,62672,63756,2008-05-16
2693,1,38761,62672,63756,2008-05-16
2693,1,38762,62672,63756,2008-05-16
2693,1,37887,62672,63756,2008-05-16
5090,1,5089,7744,65480,2008-05-28
5090,1,5090,7744,65480,2008-05-28
49281,1,20057,23550,71693,2008-07-04
30954,1,27736,581747,80336,2008-08-30
27779,1,27736,581747,80336,2008-08-30
16610,1,6485,26511,81018,2008-09-03
75768,1,15087,58420,82603,2008-09-12
2533,2,2968,39317,88802,2008-10-17
2533,2,2969,39317,88802,2008-10-17
2533,2,2970,39317,88802,2008-10-17
71707,2,2968,39317,88802,2008-10-17
71707,2,2969,39317,88802,2008-10-17
71707,2,2970,39317,88802,2008-10-17
15114,2,2968,39317,88802,2008-10-17
15114,2,2969,39317,88802,2008-10-17
15114,2,2970,39317,88802,2008-10-17
22002,2,2968,39317,88802,2008-10-17
22002,2,2969,39317,88802,2008-10-17
22002,2,2970,39317,88802,2008-10-17
2536,2,2968,39317,88802,2008-10-17
2536,2,2969,39317,88802,2008-10-17
2536,2,2970,39317,88802,2008-10-17
50681,1,2968,62854,88824,2008-10-17
50681,1,2969,62854,88824,2008-10-17
50681,1,2970,62854,88824,2008-10-17
76964,2,2968,62854,88824,2008-10-17
76964,2,2969,62854,88824,2008-10-17
76964,2,2970,62854,88824,2008-10-17
25698,1,2969,84194,88827,2008-10-17
25698,1,2970,84194,88827,2008-10-17
49281,1,4873,23550,90493,2008-10-27
105332,1,35724,68456,113488,2009-03-19
105333,1,35724,68456,113488,2009-03-19
105334,1,35724,68456,113488,2009-03-19
126059,1,48113,90848,115257,2009-03-29
126060,1,48113,90848,115257,2009-03-29
126060,1,48114,90848,115257,2009-03-29
48115,1,48113,90848,115257,2009-03-29
26966,1,132580,29256,125044,2009-05-27
26966,1,64665,29256,125044,2009-05-27
26967,1,132580,29256,125044,2009-05-27
26967,1,64665,29256,125044,2009-05-27
24518,1,132580,29256,125044,2009-05-27
24518,1,64665,29256,125044,2009-05-27
33880,1,132580,29256,125044,2009-05-27
33880,1,64665,29256,125044,2009-05-27
33881,1,132580,29256,125044,2009-05-27
33881,1,64665,29256,125044,2009-05-27
58157,1,132580,29256,125044,2009-05-27
58157,1,64665,29256,125044,2009-05-27
25895,1,8325,103132,129872,2009-06-23
25895,1,53012,103132,129872,2009-06-23
35739,1,8577,124532,134211,2009-07-17
35739,1,30855,124532,134211,2009-07-17
143751,1,44032,138554,139140,2009-08-17
18508,1,44032,138554,139140,2009-08-17
119313,1,138855,140183,143490,2009-09-11
21739,1,138855,140183,143490,2009-09-11
132580,1,65404,147038,147900,2009-10-05
132580,1,65406,147038,147900,2009-10-05
132580,1,65409,147038,147900,2009-10-05
64665,1,65404,147038,147900,2009-10-05
64665,1,65406,147038,147900,2009-10-05
64665,1,65409,147038,147900,2009-10-05
25543,1,83682,121313,148348,2009-10-07
152890,1,178388,120783,154798,2009-11-09
152890,1,58376,120783,154798,2009-11-09
100457,1,100457,154852,157107,2009-11-20
100457,1,159740,154852,157107,2009-11-20
100457,1,37602,154852,157107,2009-11-20
159740,1,100457,154852,157107,2009-11-20
159740,1,159740,154852,157107,2009-11-20
159740,1,37602,154852,157107,2009-11-20
37602,1,100457,154852,157107,2009-11-20
37602,1,159740,154852,157107,2009-11-20
37602,1,37602,154852,157107,2009-11-20
16020,1,180806,134436,158204,2009-11-26
16020,1,73581,134436,158204,2009-11-26
16020,1,87649,134436,158204,2009-11-26
16020,1,37887,134436,158204,2009-11-26
16020,1,180807,134436,158204,2009-11-26
16020,1,96587,134436,158204,2009-11-26
163230,1,37887,134436,158204,2009-11-26
83055,1,37887,134436,158204,2009-11-26
61108,1,15539,154348,159329,2009-12-03
61108,1,158852,154348,159329,2009-12-03
61108,1,80104,154348,159329,2009-12-03
15224,1,56633,15587,159421,2009-12-03
15224,1,16898,15587,159421,2009-12-03
64228,1,13671,160559,161540,2009-12-14
5193,1,116539,137491,162446,2009-12-18
19882,1,116539,137491,162446,2009-12-18
47277,1,24151,406555,162797,2009-12-20
47277,1,184783,406555,162797,2009-12-20
47277,1,24152,406555,162797,2009-12-20
47277,1,8225,406555,162797,2009-12-20
47278,1,24151,406555,162797,2009-12-20
47278,1,184783,406555,162797,2009-12-20
47278,1,24152,406555,162797,2009-12-20
47278,1,8225,406555,162797,2009-12-20
51067,1,18264,164242,172517,2010-02-13
51067,1,13645,164242,172517,2010-02-13
51067,1,4314,164242,172517,2010-02-13
81191,1,193770,47085,173473,2010-02-19
1,1,81191,1,173840,2010-02-22
2,1,81191,1,173840,2010-02-22
3,1,81191,1,173840,2010-02-22
4,1,81191,1,173840,2010-02-22
11046,1,25543,121865,178247,2010-03-17
27750,1,25543,121865,178247,2010-03-17
49963,1,25543,121865,178247,2010-03-17
7815,1,25543,121865,178247,2010-03-17
123085,1,25543,121865,178247,2010-03-17
49043,1,25543,121865,178247,2010-03-17
52528,1,25543,121865,178247,2010-03-17
76961,1,25543,121865,178247,2010-03-17
153660,1,25543,121865,178247,2010-03-17
21700,1,87649,121865,178247,2010-03-17
21700,1,25543,121865,178247,2010-03-17
110058,1,25543,121865,178247,2010-03-17
64645,1,25543,121865,178247,2010-03-17
235,1,4578,114,180040,2010-03-26
236,1,4578,114,180040,2010-03-26
237,1,4578,114,180040,2010-03-26
238,1,4578,114,180040,2010-03-26
53485,1,2441,186226,188348,2010-05-11
27726,1,2441,186226,188348,2010-05-11
37887,1,85439,181478,188450,2010-05-11
37887,1,14922,181478,188450,2010-05-11
102873,1,102873,108017,189889,2010-05-18
102873,1,1397,108017,189889,2010-05-18
102873,1,1398,108017,189889,2010-05-18
1398,1,102873,108017,189889,2010-05-18
1398,1,1397,108017,189889,2010-05-18
1398,1,1398,108017,189889,2010-05-18
31122,1,17336,149898,190438,2010-05-20
172286,1,17336,149898,190438,2010-05-20
95965,1,17336,149898,190438,2010-05-20
156560,1,17336,149898,190438,2010-05-20
48233,1,17336,149898,190438,2010-05-20
52215,1,17336,149898,190438,2010-05-20
121820,1,17336,149898,190438,2010-05-20
94434,1,17336,149898,190438,2010-05-20
64645,1,17336,149898,190438,2010-05-20
49966,1,17336,149898,190438,2010-05-20
40412,1,12313,468528,192767,2010-06-02
40412,1,20452,468528,192767,2010-06-02
40412,1,20454,468528,192767,2010-06-02
20444,1,12313,468528,192767,2010-06-02
20444,1,20452,468528,192767,2010-06-02
20444,1,20454,468528,192767,2010-06-02
16975,1,12313,468528,192767,2010-06-02
16975,1,20452,468528,192767,2010-06-02
16975,1,20454,468528,192767,2010-06-02
115022,1,12313,468528,192767,2010-06-02
115022,1,20452,468528,192767,2010-06-02
115022,1,20454,468528,192767,2010-06-02
1430,1,12313,468528,192767,2010-06-02
1430,1,20452,468528,192767,2010-06-02
1430,1,20454,468528,192767,2010-06-02
20458,1,12313,468528,192767,2010-06-02
20458,1,20452,468528,192767,2010-06-02
20458,1,20454,468528,192767,2010-06-02
15773,1,17773,165496,193944,2010-05-29
21594,1,38762,191145,194096,2010-06-09
207922,1,38762,191145,194096,2010-06-09
27736,1,85983,161133,194875,2010-06-13
27736,1,26288,161133,194875,2010-06-13
27736,1,79938,161133,194875,2010-06-13
27736,1,210735,161133,194875,2010-06-13
154162,1,23119,149515,202140,2010-07-22
154162,1,12980,149515,202140,2010-07-22
7642,1,23119,149515,202140,2010-07-22
7642,1,12980,149515,202140,2010-07-22
151483,1,217259,194306,203781,2010-07-30
210405,1,217259,194306,203781,2010-07-30
151484,1,217259,194306,203781,2010-07-30
96634,1,47187,156214,208578,2010-08-27
82123,1,82123,238764,212336,2010-09-16
82123,1,82124,238764,212336,2010-09-16
82124,1,82123,238764,212336,2010-09-16
82124,1,82124,238764,212336,2010-09-16
136869,1,17745,101849,213349,2010-09-21
136869,1,17746,101849,213349,2010-09-21
136869,1,17747,101849,213349,2010-09-21
98918,1,17745,101849,213349,2010-09-21
98918,1,17746,101849,213349,2010-09-21
98918,1,17747,101849,213349,2010-09-21
81073,1,17745,101849,213349,2010-09-21
81073,1,17746,101849,213349,2010-09-21
81073,1,17747,101849,213349,2010-09-21
115183,1,17745,101849,213349,2010-09-21
115183,1,17746,101849,213349,2010-09-21
115183,1,17747,101849,213349,2010-09-21
136869,1,136869,101849,214197,2010-09-25
136869,1,98918,101849,214197,2010-09-25
136869,1,81073,101849,214197,2010-09-25
98918,1,136869,101849,214197,2010-09-25
98918,1,98918,101849,214197,2010-09-25
98918,1,81073,101849,214197,2010-09-25
81073,1,136869,101849,214197,2010-09-25
81073,1,98918,101849,214197,2010-09-25
81073,1,81073,101849,214197,2010-09-25
115183,1,136869,101849,214197,2010-09-25
115183,1,98918,101849,214197,2010-09-25
115183,1,81073,101849,214197,2010-09-25
136869,1,115183,101849,214197,2010-09-25
98918,1,115183,101849,214197,2010-09-25
81073,1,115183,101849,214197,2010-09-25
115183,1,115183,101849,214197,2010-09-25
433727,2,2969,751996,216368,2010-10-05
433727,2,2970,751996,216368,2010-10-05
26167,1,44151,751996,216368,2010-10-05
26167,2,2969,751996,216368,2010-10-05
26167,2,2970,751996,216368,2010-10-05
350041,2,2969,751996,216368,2010-10-05
350041,2,2970,751996,216368,2010-10-05
84510,1,44151,751996,216368,2010-10-05
84510,2,2969,751996,216368,2010-10-05
84510,2,2970,751996,216368,2010-10-05
22170,1,40289,127962,216917,2010-10-07
94559,1,40289,127962,216917,2010-10-07
158356,1,40289,127962,216917,2010-10-07
1,1,154162,1,217331,2010-10-10
1,1,7642,1,217331,2010-10-10
2,1,154162,1,217331,2010-10-10
2,1,7642,1,217331,2010-10-10
3,1,154162,1,217331,2010-10-10
3,1,7642,1,217331,2010-10-10
4,1,154162,1,217331,2010-10-10
4,1,7642,1,217331,2010-10-10
17377,1,70821,83694,218313,2010-10-14
17377,1,227981,83694,218313,2010-10-14
17377,1,199898,83694,218313,2010-10-14
26698,1,26698,122389,227285,2010-11-25
217259,1,134632,224215,230781,2010-12-10
217259,1,7264,224215,230781,2010-12-10
217259,1,192078,224215,230781,2010-12-10
217259,1,137367,224215,230781,2010-12-10
206375,1,20275,215551,235604,2011-01-06
49168,1,20275,215551,235604,2011-01-06
114697,1,20275,215551,235604,2011-01-06
119386,1,20275,215551,235604,2011-01-06
95803,1,27048,173040,238427,2011-01-20
156237,1,27048,173040,238427,2011-01-20
178388,1,61266,202711,243471,2011-02-14
58376,1,61266,202711,243471,2011-02-14
95803,1,8325,173040,246640,2011-03-01
95803,1,156237,173040,246640,2011-03-01
156237,1,8325,173040,246640,2011-03-01
156237,1,156237,173040,246640,2011-03-01
28878,1,10616,189187,246839,2011-03-02
64256,1,122184,188092,247115,2011-03-03
64260,1,122184,188092,247115,2011-03-03
40289,1,180904,219310,247817,2011-03-08
197269,1,4578,177931,253912,2011-04-07
32995,1,4578,177931,253912,2011-04-07
32996,1,4578,177931,253912,2011-04-07
103946,1,91852,203057,259892,2011-05-09
93,1,91852,203057,259892,2011-05-09
192611,1,40289,172164,260445,2011-05-11
48149,1,40289,172164,260445,2011-05-11
103946,1,103946,203057,265576,2011-06-05
103946,1,93,203057,265576,2011-06-05
93,1,103946,203057,265576,2011-06-05
93,1,93,203057,265576,2011-06-05
216048,1,8732,269103,270016,2011-06-27
216048,1,7891,269103,270016,2011-06-27
48530,1,8732,269103,270016,2011-06-27
48530,1,7891,269103,270016,2011-06-27
223825,1,8732,269103,270016,2011-06-27
223825,1,7891,269103,270016,2011-06-27
126075,1,8732,269103,270016,2011-06-27
126075,1,7891,269103,270016,2011-06-27
123102,1,8732,269103,270016,2011-06-27
123102,1,7891,269103,270016,2011-06-27
94158,1,8732,269103,270016,2011-06-27
94158,1,7891,269103,270016,2011-06-27
29261,1,10308,243824,272255,2011-07-06
51498,1,51067,271433,272432,2011-07-07
11114,1,51067,271433,272432,2011-07-07
193770,1,5494,276959,278182,2011-08-04
17336,1,2984,6770,278235,2011-08-04
17336,1,8523,6770,278235,2011-08-04
17336,1,84776,6770,278235,2011-08-04
17336,1,187330,6770,278235,2011-08-04
17336,1,2992,6770,278235,2011-08-04
17336,1,187331,6770,278235,2011-08-04
17336,1,2993,6770,278235,2011-08-04
120977,1,37348,278188,278727,2011-08-08
19912,1,34503,203346,280134,2011-08-15
212349,1,35739,283325,294893,2011-10-20
272987,1,35739,283325,294893,2011-10-20
78875,1,45383,291221,301442,2011-11-17
256880,1,45383,291221,301442,2011-11-17
44179,1,45383,291221,301442,2011-11-17
278351,1,45383,291221,301442,2011-11-17
97544,1,45383,291221,301442,2011-11-17
36227,1,45383,291221,301442,2011-11-17
34883,1,45383,291221,301442,2011-11-17
99525,1,45383,291221,301442,2011-11-17
278352,1,45383,291221,301442,2011-11-17
46391,1,45383,291221,301442,2011-11-17
56176,1,45383,291221,301442,2011-11-17
47346,1,45383,291221,301442,2011-11-17
258363,1,45383,291221,301442,2011-11-17
424,1,45383,291221,301442,2011-11-17
78877,1,45383,291221,301442,2011-11-17
104911,1,45383,291221,301442,2011-11-17
165563,1,217908,312858,316176,2012-01-24
293163,1,217908,312858,316176,2012-01-24
93789,1,217908,312858,316176,2012-01-24
15346,1,217908,312858,316176,2012-01-24
165565,1,217908,312858,316176,2012-01-24
293164,1,217908,312858,316176,2012-01-24
28878,1,266445,189187,324001,2012-02-28
28878,1,38506,189187,324001,2012-02-28
28878,1,57187,189187,324001,2012-02-28
165563,1,165563,312858,325324,2012-03-05
165563,1,293163,312858,325324,2012-03-05
165563,1,93789,312858,325324,2012-03-05
165563,1,15346,312858,325324,2012-03-05
165563,1,165565,312858,325324,2012-03-05
165563,1,293164,312858,325324,2012-03-05
293163,1,165563,312858,325324,2012-03-05
293163,1,293163,312858,325324,2012-03-05
293163,1,93789,312858,325324,2012-03-05
293163,1,15346,312858,325324,2012-03-05
293163,1,165565,312858,325324,2012-03-05
293163,1,293164,312858,325324,2012-03-05
93789,1,165563,312858,325324,2012-03-05
93789,1,293163,312858,325324,2012-03-05
93789,1,93789,312858,325324,2012-03-05
93789,1,15346,312858,325324,2012-03-05
93789,1,165565,312858,325324,2012-03-05
93789,1,293164,312858,325324,2012-03-05
15346,1,165563,312858,325324,2012-03-05
15346,1,293163,312858,325324,2012-03-05
15346,1,93789,312858,325324,2012-03-05
15346,1,15346,312858,325324,2012-03-05
15346,1,165565,312858,325324,2012-03-05
15346,1,293164,312858,325324,2012-03-05
165565,1,165563,312858,325324,2012-03-05
165565,1,293163,312858,325324,2012-03-05
165565,1,93789,312858,325324,2012-03-05
165565,1,15346,312858,325324,2012-03-05
165565,1,165565,312858,325324,2012-03-05
165565,1,293164,312858,325324,2012-03-05
293164,1,165563,312858,325324,2012-03-05
293164,1,293163,312858,325324,2012-03-05
293164,1,93789,312858,325324,2012-03-05
293164,1,15346,312858,325324,2012-03-05
293164,1,165565,312858,325324,2012-03-05
293164,1,293164,312858,325324,2012-03-05
157552,1,30249,309747,333284,2012-04-09
157552,1,30250,309747,333284,2012-04-09
30249,1,286756,319451,333649,2012-04-11
30249,1,16469,319451,333649,2012-04-11
30249,1,19912,319451,333649,2012-04-11
30249,1,271730,319451,333649,2012-04-11
30249,1,43335,319451,333649,2012-04-11
30250,1,286756,319451,333649,2012-04-11
30250,1,16469,319451,333649,2012-04-11
30250,1,19912,319451,333649,2012-04-11
30250,1,271730,319451,333649,2012-04-11
30250,1,43335,319451,333649,2012-04-11
116539,1,233073,326066,337274,2012-04-26
116539,1,68247,326066,337274,2012-04-26
116539,1,198521,326066,337274,2012-04-26
116539,1,143095,326066,337274,2012-04-26
113884,1,233073,326066,337274,2012-04-26
113884,1,68247,326066,337274,2012-04-26
113884,1,198521,326066,337274,2012-04-26
113884,1,143095,326066,337274,2012-04-26
138855,1,164801,341675,348198,2012-06-14
138855,1,138831,341675,348198,2012-06-14
138855,1,130561,341675,348198,2012-06-14
138855,1,3860,341675,348198,2012-06-14
273215,1,7508,315209,348802,2012-06-16
10308,1,33207,315209,348802,2012-06-16
10308,1,12977,315209,348802,2012-06-16
10308,1,7508,315209,348802,2012-06-16
7733,1,7733,352283,352300,1996-04-02
7733,1,31076,352283,352300,1996-04-02
31076,1,7733,352283,352300,1996-04-02
31076,1,31076,352283,352300,1996-04-02
2271,1,165473,623922,397108,2005-10-24
122085,1,9818,509232,434081,2000-02-29
122085,1,50395,509232,434081,2000-02-29
90753,1,9818,509232,434081,2000-02-29
90753,1,50395,509232,434081,2000-02-29
7152,1,16020,511329,435157,2000-05-02
44146,1,16020,511329,435157,2000-05-02
15703,1,16234,434294,435840,2000-06-11
344479,1,16234,434294,435840,2000-06-11
278829,1,16234,434294,435840,2000-06-11
100577,1,22042,435481,436304,2000-07-09
16020,1,2079,433532,436635,2000-07-28
16020,1,49729,433532,436635,2000-07-28
343963,1,49729,433532,436635,2000-07-28
520,1,49499,433484,436773,2000-08-07
520,1,46733,433484,436773,2000-08-07
520,1,39344,433484,436773,2000-08-07
114070,1,49499,433484,436773,2000-08-07
114070,1,46733,433484,436773,2000-08-07
114070,1,39344,433484,436773,2000-08-07
122085,1,7733,433758,437669,2000-10-02
122085,1,31076,433758,437669,2000-10-02
90753,1,7733,433758,437669,2000-10-02
90753,1,31076,433758,437669,2000-10-02
43169,1,23976,436058,438239,2000-11-06
43171,1,23976,436058,438239,2000-11-06
43169,1,43169,436058,438424,2000-11-16
43169,1,43171,436058,438424,2000-11-16
43171,1,43169,436058,438424,2000-11-16
43171,1,43171,436058,438424,2000-11-16
16234,1,134866,435615,438927,2000-12-14
16234,1,134867,435615,438927,2000-12-14
20275,1,11553,508899,439175,2000-12-29
40205,1,20486,438909,439581,2001-01-25
40205,1,26054,438909,439581,2001-01-25
77224,1,58898,434865,439585,2001-01-25
77224,1,6127,434865,439585,2001-01-25
77224,1,123517,434865,439585,2001-01-25
58061,1,11338,439579,439730,2001-02-05
58061,1,11339,439579,439730,2001-02-05
43030,1,11338,439579,439730,2001-02-05
43030,1,11339,439579,439730,2001-02-05
43031,1,11338,439579,439730,2001-02-05
43031,1,11339,439579,439730,2001-02-05
167449,1,10107,434491,439863,2001-02-12
178069,1,10107,434491,439863,2001-02-12
5876,1,10107,434491,439863,2001-02-12
58061,1,58061,439579,440020,2001-02-20
58061,1,43030,439579,440020,2001-02-20
58061,1,43031,439579,440020,2001-02-20
43030,1,58061,439579,440020,2001-02-20
43030,1,43030,439579,440020,2001-02-20
43030,1,43031,439579,440020,2001-02-20
43031,1,58061,439579,440020,2001-02-20
43031,1,43030,439579,440020,2001-02-20
43031,1,43031,439579,440020,2001-02-20
12313,1,6859,459019,441959,2001-05-28
20452,1,6859,459019,441959,2001-05-28
20454,1,6859,459019,441959,2001-05-28
54813,1,46894,442472,442399,2001-06-18
28612,1,46894,442472,442399,2001-06-18
123146,1,46894,442472,442399,2001-06-18
349443,1,40780,443053,443078,2001-07-17
9972,1,40780,443053,443078,2001-07-17
46176,1,40780,443053,443078,2001-07-17
1270,1,40780,443053,443078,2001-07-17
8690,1,40780,443053,443078,2001-07-17
345477,1,40780,443053,443078,2001-07-17
10201,1,40780,443053,443078,2001-07-17
15009,1,40780,443053,443078,2001-07-17
348452,1,40780,443053,443078,2001-07-17
340611,1,40780,443053,443078,2001-07-17
349444,1,40780,443053,443078,2001-07-17
345336,1,40780,443053,443078,2001-07-17
8697,1,40780,443053,443078,2001-07-17
1275,1,40780,443053,443078,2001-07-17
48113,1,82087,438343,443291,2001-07-29
45383,1,343980,512089,443900,2001-09-01
45383,1,48772,512089,443900,2001-09-01
349941,1,48772,512089,443900,2001-09-01
346061,1,48772,512089,443900,2001-09-01
107672,1,48772,512089,443900,2001-09-01
349942,1,48772,512089,443900,2001-09-01
349943,1,48772,512089,443900,2001-09-01
53281,1,48772,512089,443900,2001-09-01
78891,1,48772,512089,443900,2001-09-01
7345,1,48772,512089,443900,2001-09-01
345414,1,48772,512089,443900,2001-09-01
345263,1,1248,438929,444226,2001-09-18
38445,1,1248,438929,444226,2001-09-18
266424,1,1248,438929,444226,2001-09-18
38446,1,1248,438929,444226,2001-09-18
137723,1,1248,438929,444226,2001-09-18
38677,1,1248,438929,444226,2001-09-18
1946,1,2078,438166,445520,2001-11-21
346834,1,2078,438166,445520,2001-11-21
11338,1,105864,445507,445636,2001-11-28
11338,1,8363,445507,445636,2001-11-28
11338,1,29180,445507,445636,2001-11-28
11339,1,105864,445507,445636,2001-11-28
11339,1,8363,445507,445636,2001-11-28
11339,1,29180,445507,445636,2001-11-28
67397,1,67397,502266,446425,2002-01-14
67397,1,92510,502266,446425,2002-01-14
92510,1,67397,502266,446425,2002-01-14
92510,1,92510,502266,446425,2002-01-14
113384,1,46894,441288,447419,2002-03-04
62021,1,46894,441288,447419,2002-03-04
348593,1,46894,441288,447419,2002-03-04
48113,1,5451,438343,447873,2002-03-26
48113,1,1196,438343,447873,2002-03-26
48113,1,1198,438343,447873,2002-03-26
5428,1,345117,445391,448462,2002-04-23
13257,1,46423,503346,448849,2002-05-13
12008,1,17377,447785,451378,2002-09-06
12008,1,13257,447785,451378,2002-09-06
43367,1,17377,447785,451378,2002-09-06
43367,1,13257,447785,451378,2002-09-06
27413,1,17377,447785,451378,2002-09-06
27413,1,13257,447785,451378,2002-09-06
48772,1,30323,510678,451894,2002-09-30
48772,1,149481,510678,451894,2002-09-30
4578,1,91571,501521,452414,2002-10-23
4578,1,38993,501521,452414,2002-10-23
6297,1,91571,501521,452414,2002-10-23
6297,1,38993,501521,452414,2002-10-23
34924,1,55788,445291,453739,2002-12-17
34924,1,8732,445291,453739,2002-12-17
34924,1,62557,445291,453739,2002-12-17
25155,1,55788,445291,453739,2002-12-17
25155,1,8732,445291,453739,2002-12-17
25155,1,62557,445291,453739,2002-12-17
25156,1,55788,445291,453739,2002-12-17
25156,1,8732,445291,453739,2002-12-17
25156,1,62557,445291,453739,2002-12-17
188182,1,55788,445291,453739,2002-12-17
188182,1,8732,445291,453739,2002-12-17
188182,1,62557,445291,453739,2002-12-17
348253,1,55788,445291,453739,2002-12-17
348253,1,8732,445291,453739,2002-12-17
348253,1,62557,445291,453739,2002-12-17
74220,1,55823,444055,453902,2002-12-24
74220,1,184830,444055,453902,2002-12-24
10979,1,55823,444055,453902,2002-12-24
10979,1,184830,444055,453902,2002-12-24
74220,1,55825,444055,453902,2002-12-24
10979,1,55825,444055,453902,2002-12-24
74220,1,74220,444055,456100,2003-04-09
74220,1,10979,444055,456100,2003-04-09
10979,1,74220,444055,456100,2003-04-09
10979,1,10979,444055,456100,2003-04-09
45361,1,46977,455414,456518,2003-04-28
64394,1,46977,455414,456518,2003-04-28
87338,1,34494,456140,457009,2003-05-18
47185,1,34494,456140,457009,2003-05-18
7891,1,160710,436391,457037,2003-05-19
7891,1,353973,436391,457037,2003-05-19
25007,1,67950,452567,457209,2003-05-27
83246,1,67950,452567,457209,2003-05-27
28176,1,67950,452567,457209,2003-05-27
22042,1,245121,452567,457209,2003-05-27
22042,1,67950,452567,457209,2003-05-27
10859,1,902,457434,458243,2003-07-09
10859,1,109718,457434,458243,2003-07-09
10859,1,65918,457434,458243,2003-07-09
22346,1,902,457434,458243,2003-07-09
22346,1,109718,457434,458243,2003-07-09
22346,1,65918,457434,458243,2003-07-09
46894,1,11335,458201,458350,2003-07-11
46894,1,91755,458201,458350,2003-07-11
34494,1,356943,452109,460202,2003-10-02
34494,1,89203,452109,460202,2003-10-02
1081,1,38761,443524,460423,2003-10-10
1081,1,38762,443524,460423,2003-10-10
343812,1,38761,443524,460423,2003-10-10
343812,1,38762,443524,460423,2003-10-10
1082,1,38761,443524,460423,2003-10-10
1082,1,38762,443524,460423,2003-10-10
107725,1,114070,511831,460876,2003-10-29
364995,1,114070,511831,460876,2003-10-29
352641,1,114070,511831,460876,2003-10-29
11754,1,114070,511831,460876,2003-10-29
34051,1,29125,449049,461128,2003-11-07
34051,1,91998,449049,461128,2003-11-07
34051,1,29128,449049,461128,2003-11-07
48113,1,217613,438489,464918,2004-04-20
48113,1,5219,438489,464918,2004-04-20
55788,1,5435,438721,466264,2004-06-16
62557,1,5435,438721,466264,2004-06-16
238639,1,2078,467753,468000,2004-08-24
238639,1,520,467753,468000,2004-08-24
69727,1,2078,467753,468000,2004-08-24
69727,1,520,467753,468000,2004-08-24
21975,1,2078,467753,468000,2004-08-24
21975,1,520,467753,468000,2004-08-24
21975,1,8457,467753,468000,2004-08-24
41790,1,2078,467753,468000,2004-08-24
41790,1,520,467753,468000,2004-08-24
40780,1,126060,459427,470607,2004-12-03
70127,1,66999,38075,473054,2005-03-14
70128,1,66999,38075,473054,2005-03-14
344150,1,38761,436787,473506,2005-03-31
344150,1,38762,436787,473506,2005-03-31
346075,1,38761,436787,473506,2005-03-31
346075,1,38762,436787,473506,2005-03-31
84523,1,38761,436787,473506,2005-03-31
84523,1,38762,436787,473506,2005-03-31
345674,1,8958,469123,476002,2005-07-05
44644,1,8958,469123,476002,2005-07-05
65056,1,8958,469123,476002,2005-07-05
65058,1,8958,469123,476002,2005-07-05
38761,1,4203,476232,476421,2005-07-22
38762,1,4203,476232,476421,2005-07-22
45383,1,107804,476304,476535,2005-07-27
27551,1,5195,465604,477372,2005-08-31
258129,1,42537,304008,477895,2005-09-19
42537,1,70830,304008,477895,2005-09-19
42537,1,42537,304008,477895,2005-09-19
258130,1,42537,304008,477895,2005-09-19
179174,1,42537,304008,477895,2005-09-19
42538,1,42537,304008,477895,2005-09-19
29062,1,42537,304008,477895,2005-09-19
179175,1,42537,304008,477895,2005-09-19
108601,1,108601,475116,478194,2005-09-30
108601,1,108602,475116,478194,2005-09-30
108601,1,364350,475116,478194,2005-09-30
108601,1,190271,475116,478194,2005-09-30
108601,1,363156,475116,478194,2005-09-30
108602,1,108601,475116,478194,2005-09-30
108602,1,108602,475116,478194,2005-09-30
108602,1,364350,475116,478194,2005-09-30
108602,1,190271,475116,478194,2005-09-30
108602,1,363156,475116,478194,2005-09-30
8982,1,108601,475116,478194,2005-09-30
8982,1,108602,475116,478194,2005-09-30
8982,1,190271,475116,478194,2005-09-30
8982,1,363156,475116,478194,2005-09-30
190271,1,108601,475116,478194,2005-09-30
190271,1,108602,475116,478194,2005-09-30
190271,1,364350,475116,478194,2005-09-30
190271,1,190271,475116,478194,2005-09-30
190271,1,363156,475116,478194,2005-09-30
363156,1,108601,475116,478194,2005-09-30
363156,1,108602,475116,478194,2005-09-30
363156,1,364350,475116,478194,2005-09-30
363156,1,190271,475116,478194,2005-09-30
363156,1,363156,475116,478194,2005-09-30
29286,1,29180,478764,480207,2005-12-16
39264,1,29871,479796,482415,2006-03-19
39264,1,32618,479796,482415,2006-03-19
364954,1,29871,479796,482415,2006-03-19
364954,1,32618,479796,482415,2006-03-19
181860,1,29871,479796,482415,2006-03-19
181860,1,32618,479796,482415,2006-03-19
181861,1,29871,479796,482415,2006-03-19
181861,1,32618,479796,482415,2006-03-19
180392,1,29871,479796,482415,2006-03-19
180392,1,32618,479796,482415,2006-03-19
39264,1,39264,479796,484046,2006-05-23
39264,1,364954,479796,484046,2006-05-23
39264,1,181860,479796,484046,2006-05-23
39264,1,181861,479796,484046,2006-05-23
39264,1,180392,479796,484046,2006-05-23
364954,1,39264,479796,484046,2006-05-23
364954,1,364954,479796,484046,2006-05-23
364954,1,181860,479796,484046,2006-05-23
364954,1,181861,479796,484046,2006-05-23
364954,1,180392,479796,484046,2006-05-23
181860,1,39264,479796,484046,2006-05-23
181860,1,364954,479796,484046,2006-05-23
181860,1,181860,479796,484046,2006-05-23
181860,1,181861,479796,484046,2006-05-23
181860,1,180392,479796,484046,2006-05-23
181861,1,39264,479796,484046,2006-05-23
181861,1,364954,479796,484046,2006-05-23
181861,1,181860,479796,484046,2006-05-23
181861,1,181861,479796,484046,2006-05-23
181861,1,180392,479796,484046,2006-05-23
180392,1,39264,479796,484046,2006-05-23
180392,1,364954,479796,484046,2006-05-23
180392,1,181860,479796,484046,2006-05-23
180392,1,181861,479796,484046,2006-05-23
180392,1,180392,479796,484046,2006-05-23
8732,1,6831,483602,484749,2006-06-20
8732,1,16020,483602,484749,2006-06-20
8732,1,16021,483602,484749,2006-06-20
366004,1,16020,483602,484749,2006-06-20
63907,1,16020,483602,484749,2006-06-20
7143,1,38691,483851,484981,2006-06-29
87859,1,87859,482186,485473,2006-07-17
87859,1,365898,482186,485473,2006-07-17
365898,1,87859,482186,485473,2006-07-17
365898,1,365898,482186,485473,2006-07-17
4541,1,21700,484012,486448,2006-08-25
40820,1,21700,484012,486448,2006-08-25
8691,1,21700,484012,486448,2006-08-25
8692,1,21700,484012,486448,2006-08-25
31125,1,21700,484012,486448,2006-08-25
8695,1,21700,484012,486448,2006-08-25
60198,1,21700,484012,486448,2006-08-25
30883,1,21700,484012,486448,2006-08-25
8698,1,21700,484012,486448,2006-08-25
28163,1,21700,484012,486448,2006-08-25
8958,1,33896,484753,487246,2006-09-25
8958,1,33897,484753,487246,2006-09-25
8958,1,14744,484753,487246,2006-09-25
45348,2,19431,487373,487874,2006-10-17
65835,1,40205,464468,490352,2007-01-24
65835,1,7891,464468,490352,2007-01-24
65835,1,11178,464468,490352,2007-01-24
87982,1,40205,464468,490352,2007-01-24
87982,1,7891,464468,490352,2007-01-24
87982,1,11178,464468,490352,2007-01-24
266971,1,40205,464468,490352,2007-01-24
266971,1,7891,464468,490352,2007-01-24
266971,1,11178,464468,490352,2007-01-24
357892,1,40205,464468,490352,2007-01-24
357892,1,7891,464468,490352,2007-01-24
357892,1,11178,464468,490352,2007-01-24
114571,1,40205,464468,490352,2007-01-24
114571,1,7891,464468,490352,2007-01-24
114571,1,11178,464468,490352,2007-01-24
87986,1,40205,464468,490352,2007-01-24
87986,1,7891,464468,490352,2007-01-24
87986,1,11178,464468,490352,2007-01-24
1201,1,7143,496644,497259,1996-06-28
346265,1,7143,496644,497259,1996-06-28
347551,1,7143,496644,497259,1996-06-28
28191,1,27551,496039,497880,1996-09-23
28191,1,10859,496039,497880,1996-09-23
17980,1,27551,496039,497880,1996-09-23
17980,1,10859,496039,497880,1996-09-23
5452,1,5452,494243,498488,1996-12-08
5452,1,369764,494243,498488,1996-12-08
369764,1,5452,494243,498488,1996-12-08
369764,1,369764,494243,498488,1996-12-08
6485,1,19220,498005,499057,1997-02-18
6485,1,41251,498005,499057,1997-02-18
17561,1,7143,498310,499254,1997-03-11
34563,1,7143,498310,499254,1997-03-11
6463,1,372757,500895,502301,1998-01-12
6463,1,32510,500895,502301,1998-01-12
83076,1,372757,500895,502301,1998-01-12
83076,1,32510,500895,502301,1998-01-12
28269,1,13946,499268,502322,1998-01-13
28269,1,354370,499268,502322,1998-01-13
28269,1,13947,499268,502322,1998-01-13
28269,1,372764,499268,502322,1998-01-13
345800,1,50395,500045,503319,1998-04-07
11164,1,50395,500045,503319,1998-04-07
31534,1,50395,500045,503319,1998-04-07
226651,1,50395,500045,503319,1998-04-07
120011,1,50395,500045,503319,1998-04-07
179530,1,21975,500966,503884,1998-05-25
20152,1,21975,500966,503884,1998-05-25
9818,1,345606,503866,504625,1998-07-19
50395,1,345606,503866,504625,1998-07-19
25375,1,45348,494248,504630,1998-07-20
55397,1,45348,494248,504630,1998-07-20
346816,1,4226,501290,504854,1998-08-07
346816,1,4227,501290,504854,1998-08-07
346816,1,34051,501290,504854,1998-08-07
29180,1,4226,501290,504854,1998-08-07
29180,1,4227,501290,504854,1998-08-07
29180,1,34051,501290,504854,1998-08-07
347442,1,346816,505858,505929,1998-10-27
347442,1,29180,505858,505929,1998-10-27
369691,1,346816,505858,505929,1998-10-27
369691,1,29180,505858,505929,1998-10-27
10107,1,21369,505025,506690,1998-12-16
10107,1,2179,505025,506690,1998-12-16
10107,1,5258,505025,506690,1998-12-16
10107,1,21308,505025,506690,1998-12-16
49729,1,21369,505025,506690,1998-12-16
49729,1,2179,505025,506690,1998-12-16
49729,1,5258,505025,506690,1998-12-16
49729,1,21308,505025,506690,1998-12-16
140027,1,9818,504916,506724,1998-12-18
140027,1,50395,504916,506724,1998-12-18
28739,1,9818,504916,506724,1998-12-18
28739,1,50395,504916,506724,1998-12-18
67950,1,9818,504916,506724,1998-12-18
67950,1,50395,504916,506724,1998-12-18
67950,1,9823,504916,506724,1998-12-18
67950,1,346839,504916,506724,1998-12-18
8958,1,91998,506616,506731,1998-12-19
8958,1,40074,506616,506731,1998-12-19
8958,1,371374,506616,506731,1998-12-19
346514,1,9818,506394,506801,1998-12-26
346514,1,50395,506394,506801,1998-12-26
4748,1,9818,506394,506801,1998-12-26
4748,1,50395,506394,506801,1998-12-26
373899,1,77224,506414,507073,1999-01-21
7043,1,77224,506414,507073,1999-01-21
90026,1,77224,506414,507073,1999-01-21
30961,1,77224,506414,507073,1999-01-21
366282,1,77224,506414,507073,1999-01-21
207288,1,77224,506414,507073,1999-01-21
373900,1,77224,506414,507073,1999-01-21
366283,1,77224,506414,507073,1999-01-21
30963,1,77224,506414,507073,1999-01-21
90033,1,77224,506414,507073,1999-01-21
38226,1,77224,506414,507073,1999-01-21
36680,1,30544,507668,507883,1999-03-22
51413,1,22042,448876,508341,1999-04-22
343985,1,22042,448876,508341,1999-04-22
207547,1,22346,506423,509607,1999-07-16
54584,1,22346,506423,509607,1999-07-16
2078,1,22615,504592,509741,1999-07-24
2078,1,372704,504592,509741,1999-07-24
520,1,22615,504592,509741,1999-07-24
520,1,372704,504592,509741,1999-07-24
8363,1,22615,504592,509741,1999-07-24
8363,1,372704,504592,509741,1999-07-24
373727,1,6463,505837,509789,1999-07-27
373727,1,83076,505837,509789,1999-07-27
33523,1,6463,505837,509789,1999-07-27
33523,1,83076,505837,509789,1999-07-27
50395,1,68510,509489,509998,1999-08-09
18523,1,20887,664293,515680,2005-03-16
64844,1,15773,509241,520476,2000-02-02
345637,1,15773,509241,520476,2000-02-02
33051,1,322,536933,521636,2001-01-05
33051,1,5222,536933,521653,2001-01-10
100290,1,22390,520716,522417,2001-08-08
100290,1,100290,520716,522417,2001-08-08
381355,1,381355,522418,522502,2001-09-06
381355,1,172,522418,522502,2001-09-06
381355,1,52343,522418,522502,2001-09-06
17373,1,33051,522371,523547,2002-07-03
25060,1,33051,522371,523547,2002-07-03
15087,1,382229,523947,524682,2003-04-29
381355,1,2271,523042,525141,2003-08-30
13671,1,59068,536654,528389,2005-10-03
13671,1,382986,536654,528389,2005-10-03
141907,2,100290,532309,532316,1995-02-01
178744,1,100290,532309,532316,1995-02-01
195996,1,100290,532309,532316,1995-02-01
17067,1,96760,532407,533145,1996-03-12
17067,1,36459,532407,533145,1996-03-12
75218,1,24472,533135,533323,1996-06-03
384048,1,24472,533135,533323,1996-06-03
141907,2,100290,531737,533368,1996-06-17
13427,1,100290,531737,533368,1996-06-17
7544,1,46139,532021,533711,1996-10-31
14847,1,14566,534256,534502,1997-09-18
46139,1,11859,533203,534563,1997-10-03
46139,1,7544,533203,534563,1997-10-03
9734,1,147736,534116,534879,1998-01-06
22184,1,147736,534116,534879,1998-01-06
102496,1,16764,561457,538874,2002-02-07
102496,1,5902,561457,538874,2002-02-07
115856,1,70640,561457,538874,2002-02-07
115856,1,69629,561457,538874,2002-02-07
115856,1,385795,561457,538874,2002-02-07
115856,1,384882,561457,538874,2002-02-07
115856,1,327354,561457,538874,2002-02-07
115856,1,16764,561457,538874,2002-02-07
115856,1,19519,561457,538874,2002-02-07
115856,1,42490,561457,538874,2002-02-07
115856,1,829,561457,538874,2002-02-07
115856,1,85742,561457,538874,2002-02-07
115856,1,21888,561457,538874,2002-02-07
115856,1,4799,561457,538874,2002-02-07
115856,1,19536,561457,538874,2002-02-07
115856,1,832,561457,538874,2002-02-07
115856,1,385830,561457,538874,2002-02-07
115856,1,215594,561457,538874,2002-02-07
115856,1,5902,561457,538874,2002-02-07
115856,1,385831,561457,538874,2002-02-07
115856,1,120547,561457,538874,2002-02-07
115856,1,8305,561457,538874,2002-02-07
115856,1,4817,561457,538874,2002-02-07
115856,1,19563,561457,538874,2002-02-07
115856,1,80985,561457,538874,2002-02-07
115856,1,62550,561457,538874,2002-02-07
115856,1,385803,561457,538874,2002-02-07
115856,1,19578,561457,538874,2002-02-07
106746,1,70640,561457,538874,2002-02-07
106746,1,69629,561457,538874,2002-02-07
106746,1,385795,561457,538874,2002-02-07
106746,1,384882,561457,538874,2002-02-07
106746,1,327354,561457,538874,2002-02-07
106746,1,16764,561457,538874,2002-02-07
106746,1,19519,561457,538874,2002-02-07
106746,1,42490,561457,538874,2002-02-07
106746,1,829,561457,538874,2002-02-07
106746,1,85742,561457,538874,2002-02-07
106746,1,21888,561457,538874,2002-02-07
106746,1,4799,561457,538874,2002-02-07
106746,1,19536,561457,538874,2002-02-07
106746,1,832,561457,538874,2002-02-07
106746,1,385830,561457,538874,2002-02-07
106746,1,215594,561457,538874,2002-02-07
106746,1,5902,561457,538874,2002-02-07
106746,1,385831,561457,538874,2002-02-07
106746,1,120547,561457,538874,2002-02-07
106746,1,8305,561457,538874,2002-02-07
106746,1,4817,561457,538874,2002-02-07
106746,1,19563,561457,538874,2002-02-07
106746,1,80985,561457,538874,2002-02-07
106746,1,62550,561457,538874,2002-02-07
106746,1,385803,561457,538874,2002-02-07
106746,1,19578,561457,538874,2002-02-07
388197,1,16764,561457,538874,2002-02-07
388197,1,5902,561457,538874,2002-02-07
43002,1,7508,599941,544845,1999-12-01
18391,1,7508,599941,544845,1999-12-01
388472,1,76227,545036,545055,2000-05-30
388472,1,271377,545036,545055,2000-05-30
388472,1,42722,545441,545453,2001-03-05
388472,1,48657,545441,545453,2001-03-05
373873,1,8808,506320,549358,1993-04-03
8808,1,389370,506320,549358,1993-04-03
8808,1,8808,506320,549358,1993-04-03
59247,1,388472,598940,552516,1999-08-06
128029,1,388472,598940,552516,1999-08-06
77518,1,388472,598940,552516,1999-08-06
59248,1,388472,598940,552516,1999-08-06
362833,1,388472,598940,552516,1999-08-06
112005,1,388472,598940,552516,1999-08-06
55895,1,388472,598940,552516,1999-08-06
394586,1,106746,602062,553319,2000-02-09
322529,1,106746,602062,553319,2000-02-09
322529,1,143591,602062,553319,2000-02-09
322529,1,277899,602062,553319,2000-02-09
123780,1,219016,604798,555057,2000-07-24
123780,1,212779,604798,555057,2000-07-24
8291,1,322529,604330,555415,2000-08-23
69741,1,322529,604330,555415,2000-08-23
52768,1,322529,604330,555415,2000-08-23
27897,1,322529,604330,555415,2000-08-23
795,1,29603,554931,555961,2000-10-10
795,1,29604,554931,555961,2000-10-10
23820,1,9678,556494,557975,2001-03-25
23820,1,73957,556494,557975,2001-03-25
7508,1,176693,557214,559124,2001-07-05
44672,1,19847,562262,563093,2002-06-27
44672,1,16547,562262,563093,2002-06-27
44672,1,64544,562262,563093,2002-06-27
44673,1,19847,562262,563093,2002-06-27
44673,1,16547,562262,563093,2002-06-27
44673,1,64544,562262,563093,2002-06-27
133201,1,133201,730659,563316,2002-07-16
133201,1,133203,730659,563316,2002-07-16
133202,1,133201,730659,563316,2002-07-16
133202,1,133203,730659,563316,2002-07-16
133203,1,133201,730659,563316,2002-07-16
133203,1,133203,730659,563316,2002-07-16
133204,1,133201,730659,563316,2002-07-16
133204,1,133203,730659,563316,2002-07-16
75098,1,19274,565441,569193,2003-12-11
392406,1,19274,565441,569193,2003-12-11
156382,1,23820,538934,575758,2005-08-10
121057,1,44672,580517,580999,2006-11-27
121057,1,44673,580517,580999,2006-11-27
330830,1,44672,580517,580999,2006-11-27
330830,1,44673,580517,580999,2006-11-27
93748,1,44672,580517,580999,2006-11-27
93748,1,44673,580517,580999,2006-11-27
195164,1,44672,580517,580999,2006-11-27
195164,1,44673,580517,580999,2006-11-27
795,1,795,582684,582714,1992-09-23
95502,1,95502,588703,588712,1995-06-19
19039,1,369553,589559,591320,1996-05-08
19039,1,23886,589559,591320,1996-05-08
19039,1,19039,589559,591320,1996-05-08
19039,1,14750,589559,591320,1996-05-08
14750,1,369553,589559,591320,1996-05-08
14750,1,23886,589559,591320,1996-05-08
14750,1,19039,589559,591320,1996-05-08
14750,1,14750,589559,591320,1996-05-08
392087,1,392087,596438,593365,1996-11-29
392385,1,392385,592433,594419,1997-04-04
392385,1,116583,592433,594419,1997-04-04
116583,1,392385,592433,594419,1997-04-04
116583,1,116583,592433,594419,1997-04-04
42635,1,42635,588740,596292,1997-10-07
42635,1,29837,588740,596292,1997-10-07
337898,1,42635,588740,596292,1997-10-07
19133,1,23886,595381,597478,1998-01-26
22382,1,23886,595381,597478,1998-01-26
3849,1,23886,595381,597478,1998-01-26
395043,1,37348,596071,599197,1998-07-17
53486,1,37348,596071,599197,1998-07-17
391271,1,37348,596071,599197,1998-07-17
396914,1,49281,596280,599383,1998-08-04
28029,1,49281,596280,599383,1998-08-04
253938,1,49281,596280,599383,1998-08-04
27478,1,27478,597933,601218,1999-01-19
27478,1,73759,597933,601218,1999-01-19
73759,1,27478,597933,601218,1999-01-19
73759,1,73759,597933,601218,1999-01-19
7508,1,7632,723779,601404,1999-02-09
80597,1,123780,601809,604319,1999-10-21
27928,1,123780,601809,604319,1999-10-21
101221,1,52254,643926,604364,1999-10-25
101221,1,101221,643926,604364,1999-10-25
31593,1,101221,643926,604364,1999-10-25
6598,1,101221,643926,604364,1999-10-25
47924,1,26167,645660,605969,2000-04-06
47924,1,171409,645660,605969,2000-04-06
47924,1,84510,645660,605969,2000-04-06
17019,1,57790,607355,607574,2000-10-17
17019,1,22142,607355,607574,2000-10-17
17019,1,15773,607355,607574,2000-10-17
29808,1,9734,610441,612454,2002-04-25
29808,1,22184,610441,612454,2002-04-25
1255,1,9734,610441,612454,2002-04-25
1255,1,22184,610441,612454,2002-04-25
2275,1,9734,610441,612454,2002-04-25
2275,1,22184,610441,612454,2002-04-25
5036,1,9734,610441,612454,2002-04-25
5036,1,22184,610441,612454,2002-04-25
44101,1,16834,612948,613182,2002-07-11
44102,1,16834,612948,613182,2002-07-11
159117,1,13575,563627,615166,2003-02-14
8325,1,58361,615298,615354,2003-03-07
5733,1,58361,615298,615354,2003-03-07
53012,1,58361,615298,615354,2003-03-07
16834,1,30548,615931,617456,2003-10-30
16834,1,30549,615931,617456,2003-10-30
27830,1,46690,42799,617748,2003-11-27
75925,1,46690,42799,617748,2003-11-27
48602,1,46690,42799,617748,2003-11-27
75926,1,46690,42799,617748,2003-11-27
8325,2,25759,624246,625270,2006-03-08
17019,1,25759,624246,625270,2006-03-08
43425,1,47924,629067,630010,1992-09-30
46690,1,47924,629067,630010,1992-09-30
46977,1,47924,629067,630010,1992-09-30
12981,1,47924,630113,630912,1993-03-29
2527,1,47924,630113,630912,1993-03-29
2441,1,401390,522573,632689,1994-01-25
2441,1,18380,522573,632689,1994-01-25
8278,1,47924,631921,633216,1994-04-21
112559,1,47924,631921,633216,1994-04-21
19856,1,66403,591826,633230,1994-04-22
24699,1,66403,591826,633230,1994-04-22
20145,1,47924,635925,637201,1995-12-11
16630,1,137152,634262,637636,1996-02-19
16630,1,24138,634262,637636,1996-02-19
397872,1,137152,634262,637636,1996-02-19
397872,1,24138,634262,637636,1996-02-19
65486,1,137152,634262,637636,1996-02-19
65486,1,24138,634262,637636,1996-02-19
16630,1,16630,634262,637681,1996-02-27
16630,1,397872,634262,637681,1996-02-27
16630,1,65486,634262,637681,1996-02-27
397872,1,16630,634262,637681,1996-02-27
397872,1,397872,634262,637681,1996-02-27
397872,1,65486,634262,637681,1996-02-27
65486,1,16630,634262,637681,1996-02-27
65486,1,397872,634262,637681,1996-02-27
65486,1,65486,634262,637681,1996-02-27
47924,1,14847,642878,642945,1998-02-11
47924,1,369612,642878,642945,1998-02-11
47924,1,154184,642878,642945,1998-02-11
47924,1,49879,642878,642945,1998-02-11
47924,1,113884,642878,642945,1998-02-11
47924,1,154185,642878,642945,1998-02-11
5089,1,27473,638998,643429,1998-04-13
5090,1,27473,638998,643429,1998-04-13
118451,1,402751,642124,643878,1998-06-15
118451,1,402752,642124,643878,1998-06-15
383630,1,383630,645179,644826,1998-10-21
383630,1,151257,645179,644826,1998-10-21
383630,1,401811,645179,644826,1998-10-21
397928,1,383630,645179,644826,1998-10-21
397928,1,151257,645179,644826,1998-10-21
397928,1,401811,645179,644826,1998-10-21
151257,1,383630,645179,644826,1998-10-21
151257,1,151257,645179,644826,1998-10-21
151257,1,401811,645179,644826,1998-10-21
401811,1,383630,645179,644826,1998-10-21
401811,1,151257,645179,644826,1998-10-21
401811,1,401811,645179,644826,1998-10-21
332,1,332,644919,647670,1999-10-28
332,1,181778,644919,647670,1999-10-28
181778,1,332,644919,647670,1999-10-28
181778,1,181778,644919,647670,1999-10-28
3132,1,5606,647187,648117,1999-12-16
3133,1,5606,647187,648117,1999-12-16
25517,1,5606,647187,648117,1999-12-16
40958,1,10227,744836,649175,2001-11-08
43160,1,115856,749725,706529,2003-09-25
10308,1,53654,717362,710931,2005-06-05
10308,1,96645,717362,710931,2005-06-05
392385,1,22381,592433,722026,1997-03-11
392385,1,394729,592433,722026,1997-03-11
116583,1,22381,592433,722026,1997-03-11
116583,1,394729,592433,722026,1997-03-11
23886,1,390954,591808,723883,1999-03-15
68589,1,2441,601762,723920,1999-03-31
66403,1,371575,740828,726113,2000-10-14
37348,1,283578,173755,729141,2003-04-23
382839,1,26096,527646,735394,2006-01-24
130882,1,26096,527646,735394,2006-01-24
95338,1,26096,527646,735394,2006-01-24
95339,1,26096,527646,735394,2006-01-24
12760,1,12760,4747,737817,2006-11-01
7642,1,352395,707452,738374,2006-12-30
433419,1,193770,744313,744360,2000-01-19
78334,1,2431,757389,745334,2000-09-10
78334,1,40501,757389,745334,2000-09-10
78334,1,15254,757389,745334,2000-09-10
435812,1,2431,757389,745334,2000-09-10
435812,1,40501,757389,745334,2000-09-10
435812,1,15254,757389,745334,2000-09-10
190947,1,2431,757389,745334,2000-09-10
190947,1,40501,757389,745334,2000-09-10
190947,1,15254,757389,745334,2000-09-10
435813,1,2431,757389,745334,2000-09-10
435813,1,40501,757389,745334,2000-09-10
435813,1,15254,757389,745334,2000-09-10
209236,1,16379,746812,748649,2002-06-12
20682,1,125461,765272,750714,2003-05-08
131042,1,4578,746997,750811,2003-05-23
131042,1,6297,746997,750811,2003-05-23
11010,1,4578,746997,750811,2003-05-23
11010,1,6297,746997,750811,2003-05-23
433935,1,4578,746997,750811,2003-05-23
433935,1,6297,746997,750811,2003-05-23
20887,1,36619,750320,750825,2003-05-24
433727,2,2969,749852,750916,2003-06-06
433727,2,2970,749852,750916,2003-06-06
26167,1,29948,749852,750916,2003-06-06
26167,2,2969,749852,750916,2003-06-06
26167,2,2970,749852,750916,2003-06-06
350041,2,2969,749852,750916,2003-06-06
350041,2,2970,749852,750916,2003-06-06
84510,1,29948,749852,750916,2003-06-06
84510,2,2969,749852,750916,2003-06-06
84510,2,2970,749852,750916,2003-06-06
2968,1,77092,750904,751040,2003-06-25
2969,1,77092,750904,751040,2003-06-25
2970,1,77092,750904,751040,2003-06-25
29567,1,159117,567124,751419,2003-08-21
54455,1,159117,567124,751419,2003-08-21
392617,1,159117,567124,751419,2003-08-21
392618,1,159117,567124,751419,2003-08-21
312078,1,159117,567124,751419,2003-08-21
21328,1,159117,567124,751419,2003-08-21
60066,1,159117,567124,751419,2003-08-21
44219,1,159117,567124,751419,2003-08-21
21330,1,159117,567124,751419,2003-08-21
356330,1,159117,567124,751419,2003-08-21
392619,1,159117,567124,751419,2003-08-21
44223,1,159117,567124,751419,2003-08-21
44224,1,159117,567124,751419,2003-08-21
382031,1,159117,567124,751419,2003-08-21
15346,1,30976,747717,751434,2003-08-22
2020,1,40958,752802,753140,2004-04-30
10597,1,40958,752802,753140,2004-04-30
8325,2,25759,749027,753648,2004-07-09
5733,1,25759,749027,753648,2004-07-09
53012,1,25759,749027,753648,2004-07-09
2431,1,54260,3833,755079,2005-01-25
2533,2,2968,122086,755442,2005-03-15
2533,2,2969,122086,755442,2005-03-15
2533,2,2970,122086,755442,2005-03-15
71707,2,2968,122086,755442,2005-03-15
71707,2,2969,122086,755442,2005-03-15
71707,2,2970,122086,755442,2005-03-15
15114,2,2968,122086,755442,2005-03-15
15114,2,2969,122086,755442,2005-03-15
15114,2,2970,122086,755442,2005-03-15
22002,2,2968,122086,755442,2005-03-15
22002,2,2969,122086,755442,2005-03-15
22002,2,2970,122086,755442,2005-03-15
2536,2,2968,122086,755442,2005-03-15
2536,2,2969,122086,755442,2005-03-15
2536,2,2970,122086,755442,2005-03-15
5606,1,23689,755520,755594,2005-04-07
5606,1,23691,755520,755594,2005-04-07
5606,1,23692,755520,755594,2005-04-07
5606,1,436014,755520,755594,2005-04-07
434250,1,78334,747462,755834,2005-05-09
434250,1,435812,747462,755834,2005-05-09
434250,1,190947,747462,755834,2005-05-09
434250,1,435813,747462,755834,2005-05-09
118622,1,78334,747462,755834,2005-05-09
118622,1,435812,747462,755834,2005-05-09
118622,1,190947,747462,755834,2005-05-09
118622,1,435813,747462,755834,2005-05-09
72468,1,78334,747462,755834,2005-05-09
72468,1,435812,747462,755834,2005-05-09
72468,1,190947,747462,755834,2005-05-09
72468,1,435813,747462,755834,2005-05-09
2431,1,78334,745566,756006,2005-05-30
2431,1,436122,745566,756006,2005-05-30
2431,1,190947,745566,756006,2005-05-30
2431,1,435813,745566,756006,2005-05-30
40501,1,78334,745566,756006,2005-05-30
40501,1,436122,745566,756006,2005-05-30
40501,1,190947,745566,756006,2005-05-30
40501,1,435813,745566,756006,2005-05-30
15254,1,78334,745566,756006,2005-05-30
15254,1,436122,745566,756006,2005-05-30
15254,1,190947,745566,756006,2005-05-30
15254,1,435813,745566,756006,2005-05-30
16379,1,30946,69159,757137,2005-10-17
16379,1,30947,69159,757137,2005-10-17
16379,1,405702,69159,757137,2005-10-17
16379,1,19590,69159,757137,2005-10-17
30976,1,30946,69159,757137,2005-10-17
30976,1,30947,69159,757137,2005-10-17
30976,1,405702,69159,757137,2005-10-17
30976,1,19590,69159,757137,2005-10-17
66999,1,69255,758107,760596,2006-12-10
79117,1,2969,761445,761485,2007-03-22
79117,1,2970,761445,761485,2007-03-22
35724,1,2969,761445,761485,2007-03-22
35724,1,2970,761445,761485,2007-03-22
56328,1,2969,761445,761485,2007-03-22
56328,1,2970,761445,761485,2007-03-22
117031,1,2969,761445,761485,2007-03-22
117031,1,2970,761445,761485,2007-03-22
152614,1,50684,761707,762115,1996-07-19
152614,1,17019,761707,762132,1996-08-02
24472,1,108712,430446,762827,1997-09-16
24472,1,16046,430446,762827,1997-09-16
24472,1,33715,430446,762827,1997-09-16
24472,1,33716,430446,762827,1997-09-16
46139,1,17024,764553,765120,1999-11-06
43169,1,25644,436058,11522,2007-06-19
43169,1,25918,436058,11522,2007-06-19
43171,1,25644,436058,11522,2007-06-19
43171,1,25918,436058,11522,2007-06-19
24151,1,47277,9808,22306,2007-09-01
24151,1,47278,9808,22306,2007-09-01
24152,1,47277,9808,22306,2007-09-01
24152,1,47278,9808,22306,2007-09-01
14415,1,28878,7640,43468,2008-01-08
19452,1,28878,7640,43468,2008-01-08
19453,1,28878,7640,43468,2008-01-08
30939,1,76731,45606,74936,2008-07-24
30939,1,82013,45606,74936,2008-07-24
84173,1,84173,73856,77283,2008-08-08
84173,1,110434,73856,77283,2008-08-08
84173,1,84174,73856,77283,2008-08-08
110434,1,84173,73856,77283,2008-08-08
110434,1,110434,73856,77283,2008-08-08
110434,1,84174,73856,77283,2008-08-08
84174,1,84173,73856,77283,2008-08-08
84174,1,110434,73856,77283,2008-08-08
84174,1,84174,73856,77283,2008-08-08
19220,1,33924,473252,88631,2008-10-16
2968,1,23896,1040,89502,2008-10-21
2968,1,124965,1040,89502,2008-10-21
2969,1,23896,1040,89502,2008-10-21
2969,1,124965,1040,89502,2008-10-21
2970,1,23896,1040,89502,2008-10-21
2970,1,124965,1040,89502,2008-10-21
42789,1,23999,194408,153407,2009-11-02
42789,1,42789,194408,153407,2009-11-02
13270,1,42789,194408,153407,2009-11-02
8464,1,138855,3017,175850,2010-03-04
8465,1,138855,3017,175850,2010-03-04
8466,1,138855,3017,175850,2010-03-04
8467,1,138855,3017,175850,2010-03-04
8468,1,138855,3017,175850,2010-03-04
3179,1,16764,186950,187408,2010-05-05
116212,1,16764,186950,187408,2010-05-05
21876,1,16764,186950,187408,2010-05-05
165556,1,16764,186950,187408,2010-05-05
21877,1,16764,186950,187408,2010-05-05
165557,1,16764,186950,187408,2010-05-05
114639,1,16764,186950,187408,2010-05-05
204358,1,16764,186950,187408,2010-05-05
121334,1,16764,186950,187408,2010-05-05
6896,1,16764,186950,187408,2010-05-05
204359,1,16764,186950,187408,2010-05-05
21885,1,16764,186950,187408,2010-05-05
204360,1,16764,186950,187408,2010-05-05
204361,1,16764,186950,187408,2010-05-05
204362,1,16764,186950,187408,2010-05-05
165558,1,16764,186950,187408,2010-05-05
116214,1,16764,186950,187408,2010-05-05
56395,1,16764,186950,187408,2010-05-05
118026,1,16764,186950,187408,2010-05-05
121335,1,16764,186950,187408,2010-05-05
21893,1,16764,186950,187408,2010-05-05
204363,1,16764,186950,187408,2010-05-05
3182,1,16764,186950,187408,2010-05-05
21899,1,16764,186950,187408,2010-05-05
48502,1,16764,186950,187408,2010-05-05
118029,1,16764,186950,187408,2010-05-05
21901,1,16764,186950,187408,2010-05-05
204364,1,16764,186950,187408,2010-05-05
21902,1,16764,186950,187408,2010-05-05
21903,1,16764,186950,187408,2010-05-05
29575,1,16764,186950,187408,2010-05-05
21905,1,16764,186950,187408,2010-05-05
116217,1,16764,186950,187408,2010-05-05
204365,1,16764,186950,187408,2010-05-05
204366,1,16764,186950,187408,2010-05-05
33837,1,16764,186950,187408,2010-05-05
11248,1,16764,186950,187408,2010-05-05
15868,1,16764,186950,187408,2010-05-05
23711,1,16764,186950,187408,2010-05-05
192013,1,15786,729808,192072,2010-05-30
197197,1,16764,267687,268232,2011-06-17
21256,1,16764,267687,268232,2011-06-17
262347,1,16764,267687,268232,2011-06-17
197198,1,16764,267687,268232,2011-06-17
5896,1,16764,267687,268232,2011-06-17
197199,1,16764,267687,268232,2011-06-17
262348,1,16764,267687,268232,2011-06-17
5898,1,16764,267687,268232,2011-06-17
5900,1,16764,267687,268232,2011-06-17
19425,1,16764,267687,268232,2011-06-17
5902,1,16764,267687,268232,2011-06-17
109136,1,16764,267687,268232,2011-06-17
5904,1,16764,267687,268232,2011-06-17
197200,1,16764,267687,268232,2011-06-17
262349,1,16764,267687,268232,2011-06-17
118539,1,16764,267687,268232,2011-06-17
5905,1,16764,267687,268232,2011-06-17
197201,1,16764,267687,268232,2011-06-17
5902,1,21883,177822,303466,2011-11-26
5902,1,77495,177822,303466,2011-11-26
5902,1,50340,177822,303466,2011-11-26
16764,1,170,412590,415951,1996-11-29
16764,1,338603,412590,415951,1996-11-29
286274,1,286274,475407,475397,2005-06-14
332,1,28371,140,535278,1998-05-12
6374,1,118451,77645,582326,1992-02-24
15430,1,118451,77645,582326,1992-02-24
1689,1,118451,77645,582326,1992-02-24
126221,1,11781,152948,590712,1996-02-23
126221,1,126221,152948,590712,1996-02-23
126221,1,337617,152948,590712,1996-02-23
177101,1,126221,152948,590712,1996-02-23
18888,1,30939,648041,605554,2000-02-22
18888,1,20945,648041,605554,2000-02-22
30939,1,30939,648041,605554,2000-02-22
30939,1,20945,648041,605554,2000-02-22
20945,1,30939,648041,605554,2000-02-22
20945,1,20945,648041,605554,2000-02-22
397758,1,397874,605345,609597,2001-06-01
397759,1,397874,605345,609597,2001-06-01
45111,1,26036,37556,616335,2003-06-25
51290,1,26036,37556,616335,2003-06-25
19201,1,26036,37556,616335,2003-06-25
397874,1,398755,619176,620032,2004-08-09
22859,1,17067,623640,625933,2006-05-24
30567,1,17067,623640,625933,2006-05-24
47187,1,67549,628816,630191,1992-11-04
26036,1,10934,10692,632637,1994-01-14
19274,1,35715,640505,640550,1997-03-25
76333,1,30939,642074,641636,1997-08-15
4861,1,30939,642074,641636,1997-08-15
23974,1,397874,606199,646034,1999-03-25
94800,1,397874,606199,646034,1999-03-25
47613,1,397874,606199,646034,1999-03-25
332,1,21081,644919,647658,1999-10-27
332,1,21681,644919,647658,1999-10-27
181778,1,21081,644919,647658,1999-10-27
181778,1,21681,644919,647658,1999-10-27
59691,1,59691,723776,712333,2000-01-11
59691,1,419470,723776,712333,2000-01-11
59691,1,419471,723776,712333,2000-01-11
59691,1,108133,723776,712333,2000-01-11
108133,1,59691,723776,712333,2000-01-11
108133,1,419470,723776,712333,2000-01-11
108133,1,419471,723776,712333,2000-01-11
108133,1,108133,723776,712333,2000-01-11
42803,1,42803,714797,714839,2002-08-21
42803,1,419842,714797,714839,2002-08-21
42803,1,1241,714797,714839,2002-08-21
419842,1,42803,714797,714839,2002-08-21
419842,1,419842,714797,714839,2002-08-21
419842,1,1241,714797,714839,2002-08-21
1241,1,42803,714797,714839,2002-08-21
1241,1,419842,714797,714839,2002-08-21
1241,1,1241,714797,714839,2002-08-21
109323,1,109323,734592,735106,2005-12-19
43030,1,31398,19694,31516,2007-10-24
43031,1,31398,19694,31516,2007-10-24
57790,1,19800,213824,231088,2010-12-13
57790,1,94019,213824,231088,2010-12-13
70884,1,54014,205212,253285,2011-04-04
70884,1,60215,205212,253285,2011-04-04
130239,1,54014,205212,253285,2011-04-04
130239,1,60215,205212,253285,2011-04-04
218307,1,54014,205212,253285,2011-04-04
218307,1,60215,205212,253285,2011-04-04
168174,1,54014,205212,253285,2011-04-04
168174,1,60215,205212,253285,2011-04-04
54038,1,54014,205212,253285,2011-04-04
54038,1,60215,205212,253285,2011-04-04
246280,1,61108,243962,253811,2011-04-06
246280,1,15773,243962,253811,2011-04-06
67279,1,61108,243962,253811,2011-04-06
67279,1,15773,243962,253811,2011-04-06
70884,1,70884,205212,267950,2011-06-16
70884,1,130239,205212,267950,2011-06-16
70884,1,218307,205212,267950,2011-06-16
70884,1,168174,205212,267950,2011-06-16
70884,1,54038,205212,267950,2011-06-16
130239,1,70884,205212,267950,2011-06-16
130239,1,130239,205212,267950,2011-06-16
130239,1,218307,205212,267950,2011-06-16
130239,1,168174,205212,267950,2011-06-16
130239,1,54038,205212,267950,2011-06-16
218307,1,70884,205212,267950,2011-06-16
218307,1,130239,205212,267950,2011-06-16
218307,1,218307,205212,267950,2011-06-16
218307,1,168174,205212,267950,2011-06-16
218307,1,54038,205212,267950,2011-06-16
168174,1,70884,205212,267950,2011-06-16
168174,1,130239,205212,267950,2011-06-16
168174,1,218307,205212,267950,2011-06-16
168174,1,168174,205212,267950,2011-06-16
168174,1,54038,205212,267950,2011-06-16
54038,1,70884,205212,267950,2011-06-16
54038,1,130239,205212,267950,2011-06-16
54038,1,218307,205212,267950,2011-06-16
54038,1,168174,205212,267950,2011-06-16
54038,1,54038,205212,267950,2011-06-16
50684,1,7541,229596,310632,2011-12-27
50684,1,119595,229596,310632,2011-12-27
50684,1,7542,229596,310632,2011-12-27
50684,1,26092,229596,310632,2011-12-27
26096,1,7541,229596,310632,2011-12-27
26096,1,119595,229596,310632,2011-12-27
26096,1,7542,229596,310632,2011-12-27
26096,1,26092,229596,310632,2011-12-27
1248,1,17744,433602,433745,2000-02-08
343911,1,343911,498267,434820,2000-04-13
343911,1,5428,498267,434820,2000-04-13
343911,1,343912,498267,434820,2000-04-13
5428,1,343911,498267,434820,2000-04-13
5428,1,5428,498267,434820,2000-04-13
5428,1,343912,498267,434820,2000-04-13
343912,1,343911,498267,434820,2000-04-13
343912,1,5428,498267,434820,2000-04-13
343912,1,343912,498267,434820,2000-04-13
345640,1,115604,436113,441396,2001-04-28
345640,1,346293,436113,441396,2001-04-28
345641,1,115604,436113,441396,2001-04-28
345641,1,346293,436113,441396,2001-04-28
144384,1,36680,442615,456200,2003-04-14
39245,1,36680,442615,456200,2003-04-14
42262,1,36680,442615,456200,2003-04-14
45348,2,19431,474399,475203,2005-06-06
115604,1,131587,441654,505544,1998-09-30
115604,1,92451,441654,505544,1998-09-30
346293,1,131587,441654,505544,1998-09-30
346293,1,92451,441654,505544,1998-09-30
47442,1,20682,752148,753459,2004-06-17
36399,1,20682,752148,753459,2004-06-17
52019,1,20682,752148,753459,2004-06-17
31545,1,20682,752148,753459,2004-06-17
14194,1,20682,752148,753459,2004-06-17
2431,1,344764,762498,762854,1997-10-01
2431,1,40693,762498,762854,1997-10-01
